ticker,company
ACS.MC,"ACS, Actividades de Construcción y Servicios, S.A."
ACX.MC,"Acerinox, S.A."
BBVA.MC,"Banco Bilbao Vizcaya Argentaria, S.A."
BKT.MC,"Bankinter, S.A."
ANA.MC,"Acciona, S.A."
CABK.MC,"CaixaBank, S.A."
ENG.MC,"Enagás, S.A."
NTGY.MC,"Naturgy Energy Group, S.A."
GRF.MC,"Grifols, S.A."
FER.MC,"Ferrovial SE"
RED.MC,"Redeia Corporación, S.A."
ITX.MC,"Industria de Diseño Textil, S.A. (Inditex)"
REP.MC,"Repsol, S.A."
IBE.MC,"Iberdrola, S.A."
IDR.MC,"Indra Sistemas, S.A."
MAP.MC,"Mapfre, S.A."
TEF.MC,"Telefónica, S.A."
SCYR.MC,"Sacyr, S.A."
SAB.MC,"Banco de Sabadell, S.A."
SAN.MC,"Banco Santander, S.A."
COL.MC,"Inmobiliaria Colonial, SOCIMI, S.A."
IAG.MC,"International Consolidated Airlines Group, S.A."
ELE.MC,"Endesa, S.A."
AMS.MC,"Amadeus IT Group, S.A."
ROVI.MC,"Laboratorios Farmacéuticos Rovi, S.A."
SLR.MC,"Solaria Energía y Medio Ambiente, S.A."
FDR.MC,"Fluidra, S.A."
MTS.MC,"ArcelorMittal, S.A."
MRL.MC,"MERLIN Properties SOCIMI, S.A."
LOG.MC,"Compañía de Distribución Integral Logista Holdings, S.A."
AENA.MC,"Aena S.M.E., S.A."
CLNX.MC,"Cellnex Telecom, S.A."
UNI.MC,"Unicaja Banco, S.A."
ANE.MC,"Corporación Acciona Energías Renovables, S.A."
